	human1_motifs	human2_motifs	human3_motifs	human4_motifs	human5_motifs
fprof1	37.186645957378495	33.00948024819784	31.736731160723906	34.154464873981134	33.2586188658176
fprof2	29.093818904931283	18.69476634288876	4.4850602883850526	32.11345068071662	12.901960975482547
fprof3	28.832939552949572	15.268777421199024	18.982643094172598	0.0	15.458101445941727
fprof4	0.0007588521833458682	27.369571608696813	6.629418580755806	8.000404618279516	8.941091348583873
fprof5	4.885836732557316	5.657404379017554	32.48381012666886	18.239959671320648	0.0
fprof6	0.0	0.0	5.682336749293793	7.491720155702088	29.44022736417426
